0.410478215363	False
0.297823690213	False
0.147831865813	False
-0.00477466264784	False
0.587399877295	False
0.103166384627	False
0.350068370501	False
0.132743080779	False
0.197171410841	False
0.421976163109	False
0.0258102404251	False
0.0746897110093	False
0.059347564038	False
0.192523455255	True
0.115970517029	False
0.227274578188	True
0.209892152817	True
0.214164436915	False
0.455245668783	False
0.250575991985	False
0.037006973892	False
0.186898890188	True
0.313109273704	False
0.0534741641048	False
0.0981271076754	False
0.106134494677	False
0.168671052563	True
0.292811496704	False
0.0491623422626	False
0.12649849864	True
0.0281569961796	False
0.387537282925	False
-0.0243415442845	False
-0.0208064995897	False
-0.0110452910798	False
0.0220752543153	False
0.229488428909	False
0.537991224262	False
0.287184127243	False
0.288871280708	False
0.444371586183	True
0.297565546536	False
0.224942481662	True
0.0685153514336	False
0.163138503127	False
0.373384722627	False
0.402305074133	True
0.095825126103	False
0.204947240675	True
0.104565837599	False
0.162800554026	False
0.111757333864	False
0.143721000509	True
0.240796433078	False
0.0805418592148	False
0.122639931974	False
0.0895729949712	False
0.274506111267	True
0.20382616297	False
0.146224705818	True
-0.0361078602584	False
0.540913660074	False
0.448604226964	False
0.374624705083	False
0.182484603746	False
0.536637012368	True
0.109449047471	False
0.476163023754	False
0.187539752481	False
0.155419600252	False
0.681094920246	False
0.0656289319481	False
0.369377625321	False
0.418790698543	False
0.0558325074408	False
0.407155820488	False
0.675418273711	False
0.0785764360315	False
0.181214894221	False
0.0284483104511	False
0.0695360154271	False
0.160011144848	False
0.099825848542	False
0.243730688514	False
0.0486434807447	False
0.19847842618	False
0.0	False
0.14130366197	False
0.239956480122	True
0.024945330529	False
0.10287372565	False
0.0627389586263	False
0.111805515434	True
0.0466243465816	False
0.543181262556	False
0.17005165324	False
0.0634833767755	False
0.278103451527	True
0.0	False
0.149540867497	False
0.00985750629359	False
0.493917323849	False
0.190135080783	False
0.26593388917	False
0.00769008575429	False
0.545444845339	False
0.301329437708	False
0.0468796120112	False
0.0705853603425	False
0.0444324974155	False
0.178979268704	False
0.130192602874	False
-0.00225922331819	False
0.0707895997452	True
0.0724799823342	False
0.174240321396	True
0.0362490576414	False
0.080215018148	False
0.0413782807499	False
0.176654811977	True
0.185256289148	False
0.114779579417	False
0.0499695156327	False
0.0774512753377	False
-0.0160228156688	False
0.382341188075	False
0.556019035041	False
0.0265847740304	False
0.384581668853	False
0.139539249175	False
0.07658781957	False
0.0830314540079	False
0.0	False
0.442959087941	False
0.0906963631869	False
0.180816161935	False
0.510307786856	False
0.0541998904066	False
0.782109646008	True
0.338331695915	False
0.212924316719	False
0.190008734472	False
0.443304311217	False
-0.00387418470257	False
0.0814295894157	False
0.441848586239	False
0.155622426106	False
-0.06723342526	False
0.332184139788	False
0.236589114616	False
0.123192971321	False
-0.0121659342356	False
0.146193133548	True
0.125199688527	False
0.122336472069	False
0.0	False
0.0851036110648	False
-0.0116983649413	False
0.0784265199042	False
0.0767769742798	False
0.368586988247	False
0.240929320225	False
0.623429839671	False
0.158288425354	False
0.434931256203	True
0.164247683927	False
0.280129457814	False
-0.0102163237842	False
0.493917323849	False
0.167767823519	False
0.0495162150243	False
0.037240929729	False
0.584525791699	False
0.418146702229	False
0.038582190371	False
0.223050726371	False
0.343055216541	False
0.651562538154	False
0.0	False
-0.0165766531659	False
0.0	False
0.0570510670603	False
0.0165011056156	False
0.0781970846305	False
0.197772069542	False
0.244769142591	False
0.230321129697	True
0.269867116406	False
0.0457218058713	False
0.155661909658	False
0.0	False
0.136916440905	False
0.255007959367	False
0.0262791527582	False
0.299336728061	False
0.112113256397	False
0.422370325068	False
0.0	False
0.0837358261486	False
0.0721868736398	False
0.458058885678	False
0.152918142381	False
0.0	False
0.223090283353	False
0.215831863332	True
0.374549318524	False
-0.0248900035143	False
0.659459553262	False
-0.0416751393117	False
0.115081221937	False
0.395841878561	False
0.318238053741	True
-0.005198398484	False
0.336567783829	False
0.100869596437	False
0.251939844866	True
0.111803148599	False
-0.0211458646091	False
0.0	False
0.146524894388	False
0.0140696485717	False
0.26040750402	False
0.104647676646	False
0.0740139556022	False
0.089892734283	False
0.0623500063463	False
0.0	False
0.0437734487505	False
0.370718387624	False
0.209712608369	False
0.313409238272	False
0.06105769319	False
-0.0337122031202	False
0.209022961144	False
0.0991130142786	False
0.18188208059	False
0.0254674220966	False
0.0102054549076	False
0.100500310669	False
0.0477639730159	False
0.160654178749	False
0.0631717786811	False
0.532396896878	False
0.45514033401	False
0.0720127602068	False
-0.0694977088045	False
0.0522227435299	False
0.0744312006727	False
0.0	False
-0.00504399168034	False
0.506011408368	False
0.467962703456	False
0.00799892429972	False
0.561996852519	False
0.613087274735	False
-0.0049056903533	False
0.10282802532	True
0.191893627451	False
0.611511024028	False
0.229377514352	False
0.0	False
0.129162515088	False
-3.51245269088e-05	False
0.248903631389	False
0.317313697801	False
0.0814728751998	False
0.111430659389	False
0.232478146014	False
0.494117554297	False
-0.00507176778301	False
0.000613735691032	False
0.0638707038017	False
0.0292236097929	False
0.00521941453422	False
0.165027964313	False
0.207540084842	False
0.160727918567	False
0.114390305962	False
0.0426346364332	False
-0.04322147726	False
0.056324469447	False
0.294021517617	True
0.186838666704	True
0.145770938451	False
0.329686783618	False
0.15959981673	False
0.225272851087	True
0.142189526276	False
0.203944926377	False
0.502417520873	False
0.28053542479	False
-0.0134983208549	False
0.126791373157	False
-0.0404214136317	False
0.0780438194416	False
0.207540084842	False
0.153480794725	True
0.471705307594	False
0.0735938817529	False
0.13707462247	False
0.279214542416	False
-0.0554595287095	False
0.0369421889548	False
0.0369594373391	False
0.0845087622868	False
0.122737097496	False
0.261974711829	False
0.156557531232	False
0.0099477233012	False
0.0777581656849	False
-0.00368732720485	False
0.0894481818978	False
0.464828481539	False
0.0275647996175	False
0.0431590973569	False
0.149308371243	False
0.0	True
0.343946693343	False
0.30810556936	False
0.193903333864	False
0.291526530002	True
0.37966698582	False
0.172701408719	False
0.0	False
-0.0328174955122	False
0.41282427805	False
0.341836667225	True
-0.0251271908864	False
0.124452035057	False
0.026036632528	False
0.261600161773	False
0.00468750720246	False
0.26593388917	False
0.0	False
0.434856179517	False
0.250694239683	True
0.0590698256141	False
0.392514228134	False
0.281238729527	False
0.338324855097	False
0.234734514193	False
0.0699994328081	False
0.199228829602	False
0.444065307319	True
0.35358440536	False
0.237341968949	False
0.0489648171	False
0.288413160198	False
0.384795645454	False
0.0172247693203	False
0.386295281471	False
-0.0152370808079	False
-0.0160019656364	False
0.0395128445768	False
0.100377735883	False
-0.0113484717153	False
0.540931072106	True
0.227641044707	False
0.391594383503	False
0.0382355068757	False
0.106566182933	False
0.379319763721	False
0.540913660074	False
0.0254988751478	False
0.104991479215	False
0.0457600497116	False
0.0	False
0.466054560451	False
0.114511524048	False
0.0139733968141	False
0.421366132374	False
0.19620905498	True
0.0878359713566	False
0.0678724848719	False
0.0972994672116	False
0.147913897054	False
0.0457328525909	False
0.00467057096441	False
0.0940061505942	False
0.511995854387	False
0.0859017978629	False
0.299337521937	False
0.704981956077	False
0.266538397078	True
0.288938640474	False
0.0627068084844	True
0.0804432999804	False
0.581844096231	False
0.197857839202	False
0.667878976046	False
0.194017881056	False
0.242158173256	False
0.0971595342109	False
0.385701228611	False
0.0671557411806	False
0.00638466560586	False
0.0297033793798	False
0.529772520774	False
0.185516623115	False
0.155363363551	False
0.0	False
0.178295372541	False
0.469533973308	True
0.0683728310514	True
-0.0329644630733	False
0.202654232444	False
0.384581668853	False
0.108267713482	True
0.0	False
-0.0359574815749	False
0.00887801926327	False
0.572777758971	False
0.0727734551807	False
0.074670641508	False
0.113320385222	False
0.587399877295	False
-0.0226732791039	False
0.225450639419	False
0.395266806963	False
0.0305061297088	False
0.139305480886	False
0.393244621737	False
0.51473084242	False
0.0166603200623	False
0.0982641842138	False
0.121656607013	True
0.480412295996	False
0.272641230975	False
0.0754869317389	False
0.156558226476	False
0.409037662175	False
0.206502635175	False
0.16161190587	False
0.424152405523	False
0.346041004281	False
0.0436849111436	False
0.168470474996	False
0.0993515652992	False
0.487559109371	False
0.542784229531	False
0.616981072845	False
0.641014683223	True
0.370505939516	False
0.36301346705	False
0.101909819491	False
-0.0245402276313	False
0.107802270976	False
0.476163023754	False
0.609693904855	False
0.0355815314374	False
0.0075688707748	False
0.0982778732982	False
0.0362802439638	False
0.771814185023	False
0.0662429152408	False
-0.0406048948016	False
0.495992941472	False
0.0712415262832	False
-0.0312572395132	False
0.0189063862956	False
0.124505192412	False
0.0914053384257	False
0.0248980581792	False
0.12581554973	False
0.0	False
0.0570925248847	False
0.0287078435497	False
0.0572476931479	False
0.0	False
0.397506128415	True
0.198650167008	False
0.130872562167	False
0.0	False
0.113443665315	False
0.46145497859	False
0.0165912687302	False
0.254729131749	False
0.0	False
0.450171320374	False
0.208870083054	False
0.490596921479	False
0.00398905001358	False
-0.0184571380007	False
0.285774122272	True
0.354770461517	False
0.0	False
0.0419811719997	False
0.508119488004	False
0.185481767942	True
0.082579568682	False
-0.0270393953074	False
0.56743732495	False
0.102764281404	False
0.0397173630836	False
0.0610244135466	False
0.0401101813902	False
0.581844096231	False
0.0918084884937	False
-0.0290146934117	False
0.00407894079766	False
0.0160247281133	False
0.0574060466917	False
0.0796574676743	False
-0.0424536443242	False
0.0702193482172	False
-0.00600181373525	False
0.134880769115	False
0.0950436039689	False
0.01430895795	False
0.0787059116583	False
0.0385095906052	False
-0.029899620959	False
0.105785091815	False
0.0742539171803	False
0.0483751076949	False
0.107614986513	False
0.677103911878	False
0.0546610249318	False
0.0614992827408	False
0.434253695234	False
0.181719271246	False
0.299662712053	False
0.175741997957	False
0.255231771483	False
0.466945307848	False
0.471668917271	False
0.470273179755	False
0.0707999402804	False
0.162909325435	False
0.0	False
0.5431818345	False
0.462357308805	False
0.113308481752	False
0.265632875098	False
0.0663924859892	False
0.591924090583	False
0.385590482557	False
0.366329838904	True
0.00565594796011	False
0.480473543153	False
0.489153250015	False
0.52224530626	True
-0.022987204272	False
0.0931258223021	False
0.027218433502	False
0.0409520378096	False
0.248545354917	False
0.0597748225891	False
0.666369307815	False
0.0767733475026	False
0.331695306218	False
0.112386772794	False
0.100772599528	False
0.190986737172	True
0.10361664672	False
0.212900912441	False
0.0	False
0.225755512447	False
0.596469843526	True
0.0136091743027	False
0.538876162457	False
0.0174459466564	False
0.128037795197	False
0.595991978471	False
0.457415082547	False
0.104206963937	False
0.129570554258	False
0.0535541500176	False
0.454501391162	False
0.285193747727	False
0.175732535825	False
0.424152405523	False
0.0790350438444	False
0.0794558853495	False
0.0371113171674	False
-0.0161870318782	False
0.0037947333015	False
-0.0494731507367	False
0.223796414291	True
0.14355675302	True
0.452961719196	False
0.116728221518	False
0.163428323142	False
0.556626970977	False
0.0688106235091	False
0.410478215363	False
0.504188147093	True
0.630390919998	False
-0.0626810576396	False
0.183963282937	False
0.0	False
0.437583790684	False
0.0291361771779	False
-0.0407536781496	False
-0.0257830433464	False
0.143390169059	False
0.149309544311	False
0.042457712177	False
0.261600161773	False
0.0181260638621	False
0.0662225169713	False
0.0216099487919	False
-0.034091246663	False
0.0966359634265	False
0.121312537827	False
0.106570061498	False
0.499505932252	False
0.0115131367076	False
0.0661690467925	False
0.4246817463	False
0.107071059134	True
0.102185521849	False
0.161212155986	False
0.191553689475	True
0.088985306693	False
0.493837077421	False
0.0	False
0.0299355237141	False
0.0267911945638	False
0.116233842311	False
0.0728699931973	False
0.0160947844563	False
0.0234071379039	False
0.14000334223	False
0.046296784487	False
0.298820122865	False
0.0252870865197	False
0.364969791561	True
0.0152019028036	False
0.129106129194	False
0.10500146647	False
0.155646811077	False
0.227031852559	False
0.31863117536	True
0.26106654812	True
0.258075456502	False
0.190096787845	False
0.210826319549	False
0.0681091855767	False
0.703639080315	True
0.212326479771	False
0.0	False
0.609555557785	False
0.326697069865	False
0.0	False
0.0926981235328	False
0.213724501654	False
0.0522757484842	False
0.146667955284	False
0.0525002842768	False
0.182484603746	False
0.0374783125943	False
0.061622303955	False
0.14180913947	False
0.379418348618	False
0.0671175734976	False
0.0	False
0.0659318883091	True
0.0774106915521	False
0.0329013197648	False
0.460259951094	False
0.221957333956	True
0.288938640474	False
0.260921085805	False
0.23369534814	False
0.0517141641501	False
0.148537048321	False
0.540276321968	False
0.284108055579	False
0.0200409971336	False
0.0913930782365	False
0.422370325068	False
0.100861601861	False
0.0940061505942	False
0.288498545913	False
0.0702330027865	False
0.161006872377	False
0.218069473613	False
0.17799595473	False
0.280318057848	False
0.35892881108	False
0.19524039887	False
0.287833131332	False
0.0197959196629	False
0.0871465349682	False
0.152738917732	False
0.763104143852	False
0.0923276116504	False
0.0344289893935	False
0.123330825235	False
0.180118605834	False
0.180069161391	False
0.206108264185	False
0.673438055452	False
0.228608346864	False
0.528911502042	False
0.369916647205	False
0.232038095788	False
0.0282342512271	False
0.0249615529067	False
0.0804007597422	False
0.0732555209086	True
-0.0137259563314	False
0.246728248664	False
0.179698131532	False
0.753402183347	False
0.066943694952	False
0.529513865644	False
0.212909949632	False
0.0505143611438	False
-0.0405171072551	False
0.0832290827348	False
0.0881156460928	False
0.393268524528	True
0.0152411435331	False
0.20560515904	False
0.0290760957944	False
0.120536380723	False
0.0400465764979	False
0.0181863289206	False
0.0219274135547	False
0.135137208336	False
0.382341188075	False
0.113548853126	False
0.552157928168	False
0.150425777578	False
0.0	False
0.273609384954	False
0.645069692733	False
0.0781788017137	False
0.106337050203	True
0.15398366105	True
0.597311722098	False
0.141838120192	True
0.0602810293623	False
0.0201713651953	False
0.0308608816057	False
0.219455082818	False
0.25549238259	False
0.087457602182	False
0.0232892074106	False
0.276294446054	False
0.433144953457	False
0.0515542145677	False
0.0668965368081	False
0.154239164485	False
0.0660211217152	False
0.0974050138691	False
0.506011408368	False
0.350068370501	False
0.17799595473	False
0.484183267188	False
0.466912415691	False
0.214701982008	False
0.041416639748	False
-0.0301728294626	False
0.159295688503	False
0.0141391765376	False
0.0924301697017	False
0.219056030623	False
0.0334460825492	False
0.12600418172	True
0.191205865217	False
0.0290366364367	False
0.0417318819233	False
0.20645043676	False
0.460904863396	False
0.356442793087	False
0.0342237331917	False
0.503891072996	True
0.0972464084695	False
0.100128361999	False
0.0873222976471	False
0.124082324733	False
0.0778470808657	False
0.438319230436	True
0.503319338656	False
0.199449877463	False
-0.0247459062821	False
0.611114127868	False
0.0656055192804	True
0.201676219481	True
0.0309748807657	False
0.180135371274	True
-0.0208868605661	False
0.168038875483	True
0.0675031237504	True
0.0219207810444	False
0.49585158056	False
0.366991587228	False
0.297700696522	False
0.0570510670603	False
0.54170439542	False
0.451868196172	False
0.10055143274	False
0.0576512035246	False
0.635495017865	False
0.456073325683	False
0.393287393828	False
0.276368748687	False
0.06863526199	False
0.0287431315107	False
0.333892339431	False
0.492846389627	True
0.41606408403	False
0.333431756033	False
0.0615148655903	False
0.38656654268	False
0.341801225066	False
0.0	False
0.0293562953239	False
0.450232677108	False
-0.00861889037926	False
0.0438717772164	False
0.213904830173	False
0.0	False
0.172522929372	False
0.459548270074	False
0.134997803624	False
0.29626072261	False
0.16228267888	False
0.152192327452	False
0.0413782807499	False
0.0639329603758	False
0.340303983711	False
0.042786500783	False
-0.00151799228182	False
0.0246065811681	False
0.0765189140309	False
0.228670485811	False
0.105688125999	False
0.474500186948	False
0.565302193916	False
0.0674486674629	False
0.399773089772	False
0.0199731024586	False
0.0468493331909	False
0.091282357486	False
0.106030756673	True
0.0	False
0.248963958933	False
0.016307166115	False
0.226296749231	False
0.163266812541	False
0.093671876727	False
0.110936493007	False
0.0994602047194	True
0.302696583905	False
0.483686780254	False
0.018968970744	False
0.131353027023	False
0.0772829049866	False
0.178347529278	True
0.371274501539	False
0.0658930497092	False
0.123505229448	False
0.113417410409	False
0.00307313949351	False
-0.00398807144179	False
0.134683597472	False
0.00414781966481	False
0.0393278126744	False
0.126909016542	False
0.237488843141	False
0.12054136649	False
0.0	False
0.159482768832	True
0.0224053205164	False
0.59819726344	False
0.10378179959	False
0.0846527069593	False
0.25862508768	False
0.0870779873958	False
0.0584051268918	False
0.401000905942	False
-0.0181076539849	False
-0.0306621527309	False
0.347979325456	False
0.143195297153	False
0.352174047571	False
0.272089589677	True
0.157080664647	False
0.0	False
0.127427439087	False
0.328422220801	False
0.0593187359787	False
0.0354798223192	False
-0.0073006797788	False
0.00543909748737	False
0.0599314891816	False
-0.0324948762566	False
0.147678389133	False
0.16977982484	False
0.120462679705	False
0.198533719074	True
0.462816523694	False
0.471705307594	False
0.448909520581	False
0.156720386728	False
0.407155820488	False
0.120893126151	False
0.00257017865297	False
0.367654412337	True
0.156032181761	True
0.420228193815	False
0.356946725419	False
0.222777674603	False
0.459564149509	False
0.206037033339	False
0.0698558651254	False
0.150361184147	False
0.463057616071	False
0.0871456338057	False
-0.0214499762259	False
0.611114127868	False
0.303809291927	True
0.26014432126	True
0.0388587375866	False
0.124397249229	False
0.0536587204356	False
0.272489428316	False
0.0953923477456	False
0.0237504617494	False
-0.044415610079	False
0.142826101407	False
0.152657702744	False
0.0606911007531	False
0.179762283571	True
0.131322755604	False
0.361452288976	False
0.0352147347383	False
0.34556272351	False
0.23112903463	False
0.280452279535	False
0.0222135501775	False
0.0444431996887	False
0.360927775009	False
0.466945307848	False
0.0	False
0.152869832428	False
0.130880353464	False
0.047617162893	True
0.0313112973317	False
0.381729994749	True
0.0	False
0.528916521459	False
0.0103084489525	False
0.130905265685	False
0.201486870275	True
0.156397080597	False
0.174955016045	False
0.132615983311	False
0.0012924270691	False
0.142508481836	False
0.00665324694311	False
0.354770461517	False
0.0	False
0.279924245524	False
0.0	False
-0.0171482493717	False
0.260610354937	False
0.0203821571831	False
0.127977727803	False
0.0743108185533	False
0.282544750448	False
0.165786136747	False
0.10118313499	False
0.166793464121	False
0.494166579377	False
0.067776897976	False
0.276382793462	False
0.0239098568007	False
0.254428098887	True
0.218920108316	True
0.545444845339	False
0.166447331431	False
-0.0589333664347	False
0.12552481113	False
0.197878178674	False
0.180611247059	False
0.0659815058597	False
0.185451633606	False
0.54434699074	False
0.623429839671	False
0.304329690546	False
0.283895894474	False
0.233283610503	False
0.104349084835	False
0.254069805822	True
0.105857239266	False
0.606774031054	False
0.073243879917	False
0.150833655233	True
0.346344676005	True
0.0764217444851	False
0.0613429993304	False
0.302230951174	False
0.139317375751	True
0.0351994660504	False
0.702390528731	False
0.216457554451	False
0.12114272449	False
0.116984974547	False
0.192490988114	True
0.0	False
0.0690511156142	False
-0.0476654572606	False
0.208151296882	False
0.364459632131	False
0.434367056625	False
-0.0310963790651	False
0.208863801136	False
0.0675762773393	False
-0.0246146005177	False
0.302655719372	False
0.097885909391	False
0.0877783412443	False
-0.0166514522531	False
0.281497266501	False
0.0901970935382	False
0.341475066217	False
0.535467615133	False
0.0	False
0.593648056855	True
0.384795645454	False
0.487264051301	False
0.359190266527	False
0.0316632562905	False
0.0541772877486	False
0.413253673567	False
0.318093162247	False
0.190595076848	False
0.0204809248413	False
0.0550105508822	False
0.0984561347058	False
-0.00228210239874	False
0.113485687812	False
0.0	False
0.104287293024	False
0.139562083577	False
0.459113685951	False
0.615666480324	False
0.16275489157	False
0.281438205492	False
0.124107032369	False
0.0	False
0.192529108651	False
0.0	False
0.0204658206821	False
0.0252796197279	False
0.213831751896	False
0.0709777178707	False
0.173068792203	True
0.122298813876	False
0.0612929911827	False
0.13671073061	False
0.0492016644445	False
0.0870088248528	False
0.0519400958132	False
0.062185183586	False
0.137740382021	True
0.303588386003	False
0.243255698888	True
0.30702704142	True
0.613697249155	False
0.123712587365	False
0.101865832093	False
0.31308409473	False
0.0670618464307	False
0.24548069315	False
0.142408395022	False
0.483692111407	True
-0.0028632808993	False
0.409118320561	False
0.323935505369	False
0.037669195842	False
0.702228785126	False
0.162779451508	False
0.702228785126	False
0.192322699801	False
0.16895974139	False
0.111866888066	False
0.618018689173	False
0.356442793087	False
0.117229361098	False
0.142126926139	False
0.171346846295	False
0.0532451000375	False
0.0	False
0.105045074572	False
0.0458009773848	False
0.00259020889035	False
0.0735917338847	False
0.624590644944	False
0.122639934055	False
0.431462318599	False
-0.0519982749705	False
0.134246398976	False
0.191728068947	False
0.0370309563013	True
0.176961813595	False
0.183893100312	False
0.0235708563051	False
0.0628090804853	False
0.197370923078	False
0.357362819667	False
0.111036840128	False
0.126378496549	True
0.0870057905998	False
0.0744996032554	False
0.0	False
0.645069692733	False
0.408894200877	False
0.0	False
0.176113653058	True
0.483686780254	False
0.297244824552	False
0.254492437957	True
0.121764898281	True
0.0461149157107	False
0.416924544196	False
0.277487007531	False
0.241334906967	False
0.204046600621	False
0.0	False
0.418790698543	False
0.20744694683	False
0.709684164278	False
0.165590673422	False
0.21746489883	True
0.00183337319041	False
0.048094343671	False
0.0326497908264	False
0.0802655595774	False
0.0185628097294	False
0.676149948904	False
0.113079464221	False
0.381307885513	False
0.0659786990689	False
0.456921542705	False
0.189064823746	False
0.0	False
0.349795560064	True
0.307067689315	False
0.146248961468	True
0.351117860001	False
0.239230863497	False
0.00202580814201	False
0.11251878445	True
0.392304117296	False
0.263672580111	False
0.140836900002	True
0.241277387843	False
-0.0201544187462	False
0.356845657201	True
0.0982707911512	True
0.389218806207	False
0.282544750448	False
0.0131250966661	False
0.0491922320029	False
0.450118130793	False
0.0466698401502	False
0.517385963777	False
0.403552179439	False
0.134044404147	False
0.10721861132	False
0.609693904855	False
0.0851233987227	False
0.551571541293	False
0.306195313864	False
0.457905010913	False
0.174661383543	False
0.141905436772	False
0.0	False
0.0277290267611	False
0.517833192781	True
0.00908004764713	False
0.145094586478	False
0.0080427951134	False
0.459067455866	False
0.271746847909	False
0.0495089389459	False
-0.0646555067572	False
0.615666480324	False
0.138321246707	False
-0.0715512375707	False
0.554329334504	False
0.589515191941	False
0.0922542624318	False
0.2659295242	False
0.14856376513	False
0.135667069545	True
0.508938572091	False
0.076187349816	False
0.626138209159	False
0.144675333474	False
0.0667450634249	False
0.0161594430377	False
0.101555902469	False
0.0141505654777	False
0.176490204658	False
-0.0313526413508	False
0.548496196448	True
0.0	False
0.196019316914	True
0.0133192059863	False
0.0	False
0.131130034125	False
0.17909342168	False
0.130001892167	False
0.328330055673	False
0.413789406594	False
0.545874425287	False
0.216853476651	True
0.715873760718	False
0.0	False
0.0127535503287	False
0.434713784436	False
0.407412808637	False
0.15328769207	False
0.127077712196	False
0.17005165324	False
0.0339534053683	False
0.289945687398	True
0.190167458907	False
0.537147509234	False
0.14184283819	False
0.264547001521	False
0.0692920024682	False
0.0597343971295	False
0.152233387654	True
0.0527104848017	False
0.14730489374	False
0.0834096468199	False
0.310839219134	False
0.0	False
0.084229783855	False
0.171323650922	False
0.441770272859	False
0.456921542705	False
0.00402602889174	False
0.28053542479	False
0.466721450635	False
-0.0155375285039	False
0.198619897986	False
0.121942193767	False
0.297244824552	False
0.763104143852	False
0.115617888483	False
0.0495181928435	False
0.357574164053	False
0.455245668783	False
0.0919825360321	False
0.0245940642167	False
0.0	False
0.16667945406	False
0.225295686735	True
0.396138609778	False
0.0475703814418	False
0.518412310868	False
0.163749283862	False
0.0648083602933	False
0.637402789824	False
0.419632846074	False
0.0523768270194	False
0.0	False
0.191980125415	False
0.00239094633022	False
0.509087650835	False
0.0429246031817	False
0.136295320592	False
0.185590356564	True
0.178245703131	True
0.324301527129	False
0.0388844596593	False
0.408044670014	False
0.129757333058	False
0.140183770022	False
0.600529705206	True
0.182062874805	False
0.289505058912	True
0.280140635273	False
0.675955332814	False
0.121219826122	False
0.103808273919	False
0.041161899245	False
0.146973078537	False
0.178925090334	False
0.16167485262	True
0.451638435773	True
0.205802626266	False
0.434380584832	False
0.212126410589	True
0.086620572629	False
0.324239325559	False
0.208863801136	False
0.367299078976	True
0.516304230619	False
0.261974711829	False
0.247734596547	False
0.20353133298	False
0.431888558331	False
0.374432684733	False
0.387621672846	False
0.0559867634983	False
0.321501492794	False
0.0544586833227	False
0.0250306495169	True
0.506302560673	False
0.184181725571	False
0.635189186436	False
0.0904063228433	False
0.00298442096609	False
0.00677298520732	False
0.0818687661365	False
0.0948129274167	False
0.159142683783	False
0.0630298416883	False
0.0503785932102	False
-0.0142945127559	False
0.110000767225	False
0.0	False
0.0641361132165	False
0.532851659919	False
0.108036736754	True
0.106320566576	False
0.324239325559	False
0.4491578759	False
0.242007348041	False
0.0865940293231	False
0.078362341415	True
0.204647925653	True
0.499792053563	False
0.460904863396	False
-0.0108951205374	False
0.156965280632	False
0.147443928656	False
0.554329334504	False
0.151187143924	False
0.00208299617244	False
0.163742725696	False
0.183614140714	True
0.0311265778307	False
0.431888558331	False
0.0260545345707	False
0.347231418089	False
0.0664101011622	False
0.222462242453	False
0.432276555052	False
0.0318609720583	False
0.144060705379	False
0.0848272592449	False
0.173479315768	False
0.0673533032694	True
0.241931300984	False
0.376246011534	False
0.0300845403943	False
0.340256105123	False
0.229040289427	False
0.186880655888	False
0.0806656657805	False
0.0686228034474	False
0.110827866743	False
0.503747759571	False
0.0185521040345	False
0.593803768949	False
0.126562679018	True
0.145894903158	False
0.11404384626	False
0.109258751097	False
0.543892428273	False
0.178850018003	True
0.164338722426	False
0.137958760406	False
0.427583660099	False
0.151718135785	False
0.310260768384	True
0.487559109371	False
0.709684164278	False
0.051709700138	False
0.612358252276	False
0.0169272312554	False
0.39533793845	False
0.343946693343	False
0.184922139161	False
0.182442695643	False
0.0427581456228	False
0.0293216363922	False
0.14965538577	False
0.239848270368	False
0.410744288859	False
0.205894108315	False
0.42266325982	False
0.343372668745	False
0.0	False
0.0471002753958	False
0.0466397598151	False
0.325512475622	False
0.118718144286	False
0.045271919141	False
0.0326383416978	False
0.0711465527754	False
0.0568243176319	False
0.634321862353	False
0.224508065141	False
0.015710454262	False
0.144537714615	False
0.433144953457	False
0.0	False
0.103713401832	False
0.0	False
0.128800052975	False
0.59819726344	False
0.556019035041	False
0.192560595775	False
0.618018689173	False
0.587232094148	False
-0.0325907943788	False
0.137002009603	False
0.229736804397	False
0.451195850139	False
0.112205364863	True
0.18181478621	False
0.372550445746	False
0.0	False
0.0	False
0.111825621492	False
0.0475584866202	True
0.0235826947198	False
0.104778457141	False
0.139653893859	False
0.0	False
0.111633949598	False
0.188458998371	True
0.0242116494439	False
0.242542804089	True
0.291616790737	False
0.0637665072086	False
0.408044670014	False
0.405628879914	False
0.588516988951	False
0.214315110763	False
0.509087650835	False
-0.0613303768323	False
0.153759183481	False
0.13275314506	False
0.0903389595522	False
0.0436089785419	False
0.18730424887	False
0.0354889926651	False
0.0779650275688	False
0.297392569106	True
0.0859745094514	False
0.263649992658	False
0.163950846462	False
0.0	True
0.0930677081591	False
0.0983173087872	False
0.0481775925327	False
0.208278892688	False
0.0912106969727	False
0.0558521121824	False
0.0950344329138	False
0.101655212558	False
0.18188208059	False
0.0319919873001	False
0.0327069037059	False
0.406231149581	False
0.0420407055747	False
0.484830286049	False
0.252691882006	True
0.318838166819	True
0.0880859517731	False
0.219881789316	False
0.0168046498648	False
0.232930990665	False
0.0933482570032	False
-0.00311430143376	False
-0.0113185922283	False
0.387763190545	False
0.476994691858	False
0.0742539953365	False
-0.0448162420053	False
0.255194332168	False
0.493837077421	False
0.172091549575	False
0.22042453201	True
0.0421423461546	False
0.21475099656	False
0.518412310868	False
0.573288538374	False
0.606774031054	False
0.171547033436	False
0.133018075923	False
0.27249035893	False
0.124152722653	False
0.0486247500203	False
0.0894138848779	False
0.469337103903	False
-0.0271724909628	False
-0.0133948596754	False
0.103575261248	False
0.348012444483	False
0.208769421885	False
0.218747015036	False
0.0994065999081	False
0.0	False
0.0	False
0.29699507874	False
0.094500370852	False
0.205114606262	False
0.26407470353	False
0.528911502042	False
0.277487007531	False
0.070152351089	False
0.271169335743	False
0.0906972420433	False
0.0	False
0.216569449206	False
0.347231418089	False
0.0428797487939	False
-0.0252279101951	False
0.12994682075	False
0.0746897110093	False
0.125061197213	False
0.242733300739	False
0.0638247751621	False
0.0575869094525	False
0.427861892366	False
0.439078725521	False
0.178734692206	False
0.367371350864	False
0.00061968630192	False
-0.0153168989001	False
0.0668962730758	False
0.267339992499	False
0.191808168509	False
0.746835338576	False
0.184307795516	False
0.0129797588715	False
0.102952434087	False
0.230901143654	False
0.444720878281	False
0.101800511975	False
-0.0347953738028	False
0.44336678079	True
0.331863390923	False
0.441766980473	True
0.203121082457	False
0.0372339577991	False
0.529513865644	False
-0.00845837701852	False
0.122471225861	False
-0.0241701445514	False
0.469337103903	False
0.0746648392924	False
0.478132222394	False
0.189645622229	True
0.195258077153	False
0.0725019165862	False
-0.00966137610282	False
0.248963958933	False
0.0624811964579	False
0.154871443207	False
0.23880429619	False
0.0155833005956	False
0.716057120428	True
0.146891900117	False
0.105564647257	False
0.389770496872	False
0.614318875867	True
0.078507655585	False
0.0	False
0.00100274809993	False
0.0666215615141	False
0.00114354955209	False
0.388432684452	True
0.191318506391	False
0.192322699801	False
0.103303936407	False
0.0864110592389	True
0.170055831857	False
0.0787939301563	False
0.0687836014573	False
0.0630873723018	False
0.176625932649	False
0.114289714589	False
-0.0252915580088	False
0.479415202724	False
0.0648161434504	False
0.0569006522222	False
0.21502649749	False
0.100948560858	False
0.251240088913	True
0.12320910984	False
0.0472329517159	False
0.419026933505	False
0.246758916938	False
0.575273983584	False
0.0157001110272	False
0.103969147732	False
-0.0406868682878	False
0.109907243287	False
0.0651596440774	False
0.318895272459	False
0.343064439194	False
0.255621374091	False
0.32134847318	False
0.00670555968651	False
0.404938143454	False
0.173634481228	False
0.156763246515	False
0.192044919382	True
0.451868196172	False
0.0	True
0.144913297434	True
0.063170265505	False
-0.0153491527191	False
0.254811578699	False
0.359392815397	False
0.00952476732576	False
0.0	False
0.271746847909	False
0.430665811036	False
0.509876536376	False
0.265367223224	False
0.00779094068144	False
0.0314607439551	False
0.46011074118	True
0.0243547436878	False
0.659015558756	False
0.0732736908636	False
0.127626308324	False
0.254636306698	False
0.460505200266	False
0.420542747921	False
-0.0178120551994	False
0.0843114501855	False
0.231176764967	True
-0.00317502629708	False
-0.0182715342811	False
0.136279141871	True
0.254061125317	False
0.0436070532569	False
0.273400399399	False
0.127784270474	False
0.375005780201	False
0.0290952139892	False
0.0914986781368	False
0.291616790737	False
0.198317909044	True
0.0839441287297	True
0.249853596962	False
0.615142607995	False
0.0668278635491	False
0.0451236973461	False
0.119566133631	True
0.5431818345	False
0.496911218214	False
0.307866829327	False
0.0918316345334	False
0.496146359526	False
0.0557815054382	False
0.511095288311	False
0.169786718985	False
0.30829829297	False
0.213188713889	False
0.0802668857055	False
0.150945781997	False
0.268156711612	True
0.373384722627	False
0.0768418953518	False
0.299737096909	False
0.624590644944	False
-0.0582227877129	False
0.0373060206163	False
0.169949096868	False
0.203782192304	False
0.0923831200781	False
0.445878497713	False
0.479415202724	False
-0.00343953139688	False
0.171018122903	False
0.0841180301704	False
0.281312567222	False
0.0778500591523	False
0.267112837722	True
0.0624907276665	True
0.189080544897	False
0.351125759054	True
0.219021545941	True
0.0742511549239	False
-0.000713627555012	False
0.401177411582	True
0.184784543646	True
0.489477172991	False
0.614039974247	True
0.0876919196974	False
0.249298635364	False
0.0704936622882	False
-0.0113221990117	False
0.526965566101	True
0.0810532441409	False
0.0583947967521	False
0.155833079378	False
0.0524041023377	False
-0.092507325042	False
0.489433069552	False
0.0459432923776	False
0.091890925233	False
0.476994691858	False
0.502417520873	False
0.0773418793766	False
0.0477322604079	False
0.697592921529	False
0.151565922588	False
0.505628824889	True
0.12570959072	False
0.104532227777	False
0.329580754512	False
0.188697201072	False
0.642918368309	False
0.224860039332	True
0.0428762860234	False
0.0110512217773	False
0.0349555963112	False
0.179885559117	False
0.641584314942	False
0.318120612995	False
0.0520633546177	False
0.0746099278105	False
0.204293454994	False
0.16763706513	False
0.293836369909	False
0.0892642421501	False
0.273984757167	False
0.361452288976	False
0.0397985536906	False
0.463276887549	False
0.0159313341261	False
0.00560215619908	False
-0.000364953919684	False
0.527369561439	False
0.0375672470039	False
0.673438055452	False
0.37966698582	False
0.440816445424	False
0.119379660105	False
0.142343973395	False
0.445702874686	True
0.20767050436	False
0.0873929076499	False
0.105592105156	False
0.0	False
0.0915350281598	False
0.261261979288	True
0.0	False
0.0344904375812	False
0.0667719826905	False
0.0194184313489	False
0.616353995887	False
0.0774843804651	False
0.283895894474	False
0.294391656373	False
0.375771887563	False
0.00764542197643	False
0.084496357908	False
0.419655992007	False
0.327542768629	False
0.494117554297	False
0.133529115411	False
0.294803478598	False
0.0023818687919	False
0.0549095171701	False
-0.0042448961113	False
0.0633728061608	False
0.275569636792	False
0.247650902495	False
0.247241112734	False
0.206995362173	True
0.12524089061	False
0.0719874940494	False
0.134501360042	True
0.405486547925	False
0.118451617777	False
0.402431208145	True
0.460505200266	False
0.0104197829335	False
-0.00140791634792	False
0.211682552591	False
0.778065493669	True
0.0	False
0.288871280708	False
0.287184127243	False
0.375306162843	False
0.0814888023205	False
0.307067689315	False
0.00738806474764	False
0.23780638785	True
0.148516353254	False
-0.0375948319043	False
0.088025919896	False
0.0589266361812	False
-0.00488311282904	False
0.444816739899	False
0.125503508901	False
0.347252909572	False
-0.0532204942849	False
0.0350815743977	False
0.404416945785	False
0.0133470851393	False
0.172201129364	False
0.0995545239406	False
0.185051145496	False
0.136945757406	False
0.617441940737	False
0.387763190545	False
0.0657753380434	False
0.0	False
0.0064854713665	False
0.128353469461	False
0.022971161621	False
0.128189478294	False
0.312483137144	False
0.0114696017345	False
0.101190361315	False
0.0587939587292	False
0.0433122079299	False
0.430665811036	False
0.589851026309	True
0.670710669117	False
0.195157257018	False
0.143750484335	False
0.616353995887	False
0.590768847517	True
0.184269246497	False
0.193404110619	False
0.176812439043	False
0.0811772834435	False
0.501367056959	False
0.122368129345	False
0.0	False
0.255021434055	False
0.358260108243	False
0.133174152698	False
0.250845711099	False
0.361621480272	False
0.508938572091	False
0.427583660099	False
0.354632389574	False
0.4246817463	False
-0.0260424460793	False
0.143539172635	False
-0.0155169248635	False
0.053355781221	False
0.132649310324	True
0.12655778977	False
0.626138209159	False
0.286680454421	False
0.0	False
-0.0337788208793	False
0.0955564282564	False
0.464508022869	False
0.520924474322	False
0.396625691299	False
0.552335584744	False
0.184706684305	True
0.361436709561	False
0.427861892366	False
0.202039339037	True
0.0995876113384	False
0.135842176974	False
0.0971666301174	False
0.464816248762	True
-0.00182403441701	False
0.380705328205	False
0.0	False
0.443326154381	False
0.0184134774356	False
0.63729096427	False
0.200018322596	False
0.16948661507	False
0.134114606096	False
0.0940555268425	False
0.168486784003	True
0.303224421016	False
0.0619113718072	False
0.382738634588	True
0.270312026855	True
0.215535127485	False
0.175873957096	True
0.102010099536	False
0.0	False
0.0962752327108	False
0.619649201855	False
0.374990163396	False
0.17171262722	False
0.291456157572	False
0.126349043792	False
0.63365218486	True
-0.059713751405	False
-0.0170475398706	False
0.115944526322	False
0.513615638805	False
0.20520549282	False
0.206635770693	False
0.0322572897728	True
0.0254666168264	False
0.470155239577	False
0.322423085257	False
0.0550563691585	True
0.318093162247	False
0.117393034191	False
0.0	False
0.0800906044677	False
0.721417424709	True
0.183635895507	False
0.138404979801	False
0.157860411022	False
0.151248192711	False
0.147093463909	True
0.14451666884	True
0.0428952489237	False
0.260780549863	False
0.558435677543	True
0.264815089959	False
0.371435831236	False
0.231226454232	False
0.0	False
-0.0318757912949	False
0.0816841288988	True
0.0658901445976	False
0.399905695512	False
0.0205218702548	False
0.265504674073	False
0.434380584832	False
0.00915051839485	False
0.205310124421	False
0.106690232627	False
0.0	False
0.305646963538	True
0.348307732172	True
0.084011117179	False
0.120124419191	False
0.487342361455	False
0.293955131271	False
0.0279485320581	False
0.239108634908	True
0.10938734321	False
0.053715622569	False
0.467446186096	False
0.304483500947	False
0.10503707138	False
0.484830286049	False
0.319913761598	False
0.0296233369369	False
0.139600326403	False
0.265283101079	True
0.101290570908	False
0.336844913067	False
0.11904157131	False
0.0239498636247	False
0.102925860674	False
0.517385963777	False
-0.000554500971217	True
0.104743056129	False
0.0	False
0.00625059772328	False
0.0359240546731	False
0.120761137002	False
0.113630144798	False
0.157783730861	False
0.169549444859	False
0.543181262556	False
0.257213950634	False
0.175239159004	False
0.0563425550084	False
0.25481273696	False
0.260185015637	False
0.245262294239	False
0.129675848746	False
0.221437585502	False
0.272726948435	True
0.0547442627088	False
0.0634554520242	False
0.163308360959	False
-0.0656043582337	False
0.0625663154879	False
0.127419349617	True
0.488278026286	False
0.163878855385	True
0.0956353136357	False
0.0503375953623	False
0.775295654514	False
0.0101631911579	False
0.620161817972	False
0.0	False
0.0993479258654	False
0.448355492278	False
0.0251486979718	False
0.241334906967	False
0.00794587350208	False
0.0952402913318	False
0.0171092122797	False
0.395266806963	False
0.101794986101	True
0.214141004936	False
0.135703240892	False
0.466721450635	False
0.420228193815	False
0.423840522343	False
-0.00635123856447	False
0.0662527598295	False
0.248175729727	True
0.293491573545	False
0.103849698814	False
0.221257878981	False
0.0988687399998	False
0.0543340429483	False
0.0558473099789	False
0.0	False
-0.064409026171	False
0.136087342508	False
0.118205148099	True
0.336016510616	False
0.0542295308726	False
-0.0800523741976	False
0.0541221503845	False
0.43358348026	False
0.775295654514	False
0.5789619127	False
0.0451265519019	True
0.0237352869364	False
0.110657708733	False
0.715873760718	False
0.499877534116	True
0.0420874749121	False
0.0617549509921	False
0.259921280976	False
0.383141209123	False
0.481004159167	False
0.233917449634	False
0.168977360899	True
-0.00349912353956	False
0.107977971303	False
0.023997051491	False
0.29955578818	True
0.0910369042243	True
0.410500781766	True
-0.016618670968	False
0.0583617804677	False
0.538459943586	False
0.116170933309	True
0.140748152702	False
0.159233980612	False
0.108776256829	False
0.457457730283	False
0.069803493755	False
0.0704344765373	False
0.385047988449	True
0.194921666244	False
0.0481781559649	False
0.165461251987	False
0.419235325414	True
0.257013343944	False
0.00994621935987	False
0.0327100396846	False
0.23319003488	False
0.0151228951308	False
0.322097640654	True
0.184127654278	False
0.102325174258	False
0.0367219638828	False
0.0542102153556	False
0.461327478347	False
0.00495297977275	False
0.144315668317	False
-0.0109856083561	False
0.310735519495	False
0.181833190956	True
0.14580516333	False
0.445412422278	False
0.243365866538	True
0.119963115559	False
0.188924099324	False
0.0	False
0.0390705371436	False
0.394490117886	False
0.265698516789	False
0.0783156496727	False
0.06901354058	False
0.0800626417766	False
0.375306162843	False
0.160117731831	False
0.454501391162	False
0.532851659919	False
-0.0130408237707	False
0.335056029201	True
0.459196781256	False
0.687276589991	False
0.482664317182	False
0.284984088594	False
0.0781787627024	False
0.00871877208454	False
0.234396838706	False
0.078718372957	False
0.700202990148	False
0.109411918294	False
0.060815205296	False
0.409047029357	False
0.0308143314124	False
0.0434817254824	False
-0.0129645867437	False
0.0526855323986	True
0.552782723366	False
0.211110224188	False
-0.0369146060411	False
0.370720936678	True
0.0405848133171	False
0.330835641227	False
0.105619000952	False
0.0376197070583	False
0.374647060971	False
0.0355502567665	False
0.0714282528669	False
0.694168517967	False
0.496911218214	False
0.578985274928	False
0.0	False
0.0	False
0.154702730084	False
0.160351136239	False
-0.0359020930503	False
0.0824795320799	False
0.0380552955142	False
0.585492623318	False
0.0104176243849	False
0.389218806207	False
0.551571541293	False
0.354632389574	False
0.00118266795619	False
0.0	False
0.0917674737019	False
0.158729066907	False
0.117379676873	True
0.578414610625	True
0.160136456718	False
0.455156287878	False
-0.0113832796039	False
0.450118130793	False
0.0559490738121	False
0.134507164558	False
0.281714468853	True
0.613091328351	False
0.381811945994	False
0.561996852519	False
0.76971142898	True
0.0860302356198	False
0.100408461677	False
0.0123673147665	False
-0.0322489357312	False
0.0688865819899	False
0.0738623097964	False
0.152859229785	False
0.619649201855	False
0.632299735307	True
0.57793941116	False
-0.0343111684843	False
0.0920917302723	False
0.00296320220715	False
0.176969032655	False
0.0	False
0.0361630582402	False
0.31487434929	False
0.100041126202	False
0.190691554244	True
0.0540122641872	False
0.113413682551	False
0.0	False
0.0	False
0.1595928585	False
0.0222058746927	False
-0.00106306244288	False
-0.00454955526924	False
0.015079217669	False
0.496146359526	False
-0.00201079568259	False
0.38132683944	False
0.368633752739	False
0.179636228503	False
0.0444540282565	False
-0.0119791055449	False
0.584335734353	False
0.00946335283959	False
0.10051592311	False
0.0781407718416	False
0.170502792685	False
0.16980887136	True
0.105331076997	False
0.0637715329799	False
0.0195253351076	False
0.0244006964922	False
0.198750810014	True
0.139901279145	False
0.106587331261	False
-0.00218031664287	False
0.0675500758154	False
0.021500885413	False
0.446136703676	False
-0.0591054662878	False
0.264324465215	False
0.404091613585	False
0.057678930332	False
0.113994603522	False
0.0230408364147	False
0.393244621737	False
0.0635388505366	False
0.521831776358	False
0.54170439542	False
0.114899675304	False
0.259729507224	False
0.256873924737	False
0.0	False
0.162064064833	False
0.247363705221	True
0.0875157948783	False
0.288248586545	False
0.210618290064	False
0.193896659429	False
0.0621445079606	False
0.735090528407	False
0.0787231518843	False
0.10364721231	False
0.296644681167	True
0.692279093147	False
0.0821176983218	False
0.017981732311	False
0.0684047966673	False
0.133240022256	False
0.111148510591	False
-0.00862407365193	False
0.0634134672929	False
-0.000938926161518	True
0.187539752481	False
0.637758600319	True
0.066611704981	False
0.120703206949	False
-0.0213874702459	False
0.0717886861608	False
0.0	True
0.675418273711	False
0.470273179755	False
0.138265046813	False
0.294270779927	False
0.0734286061095	False
0.103986759177	False
0.136201274181	False
0.10925202763	False
0.628616569426	False
0.194554483688	False
0.218552469053	False
0.0752905384116	False
0.637402789824	False
0.434856179517	False
0.176241227208	False
0.47546048795	False
0.0942445605328	False
0.195942073439	True
0.231230616129	False
0.101677453225	False
0.0577319822896	False
-0.0475111721218	False
0.333685796455	False
0.0839870813041	False
0.330835641227	False
0.514890804459	False
0.205702553856	False
0.230780944383	False
0.170999762644	False
0.410571351328	False
0.36509718851	False
0.0758265811961	False
0.165762211643	False
0.0109003889073	False
0.137885646857	False
0.087730414465	False
0.0619300775797	False
0.112222883601	False
0.1225962942	False
0.613091328351	False
0.118995983708	True
0.0449912263594	False
0.187675378236	False
0.245507483835	True
0.343055216541	False
-0.0463465481335	False
0.452606862195	False
0.212744700212	True
0.0	False
0.0836192977152	False
0.457457730283	False
0.47025235296	True
0.638071477391	True
0.0959062050881	False
0.0128637705688	False
0.0952262993152	False
0.405628879914	False
0.635495017865	False
0.648102836657	False
0.00756455170086	False
0.0327517684007	False
0.0105572494445	False
0.184802529011	True
-0.0822116699813	False
0.503356904862	False
0.538246282982	True
0.136071626035	False
0.129298001568	False
0.0388255170876	False
0.511095288311	False
0.612358252276	False
-0.0418367075201	False
0.468968038628	False
0.129864838195	False
0.133156791141	False
0.0	False
0.329492661319	False
0.175913279962	False
0.0957154732794	False
-0.0254369989445	False
0.170459317503	False
0.0463412566117	False
0.461321869228	False
0.135524188374	False
0.287833131332	False
0.0768963045843	False
0.155622426106	False
0.573288538374	False
0.437329604445	False
0.0365357576135	False
-0.0241592068797	False
0.260010654807	True
0.210232280078	True
0.0115353196725	False
0.661914370467	False
0.0310847968189	False
0.201944964043	False
0.198171002084	False
0.0581046995907	False
0.00187817412057	False
0.0	False
0.335905703766	True
0.00497788393698	False
0.199573834414	False
0.0730556733404	False
0.303890913269	False
0.358860695725	True
0.114754250258	False
0.503356904862	False
0.0806164674803	False
0.26040750402	False
0.143090288397	False
-0.0110202689782	False
0.0118031435686	False
0.0678913337267	False
0.473234682204	False
0.686385028471	False
0.0935726008719	False
0.569983969563	False
0.0	False
0.0	False
0.697592921529	True
0.0347109901338	False
0.128061647072	False
0.130844909183	False
0.13194088555	False
0.363064364097	False
0.197560502484	False
0.0856600073686	False
-0.00873395057391	False
0.41211917593	False
0.0747687109232	False
0.0	True
0.0362984739525	False
0.0	False
0.444584276118	False
0.0180507672429	False
0.334839680491	False
0.11017364404	False
0.487688962645	False
0.0202741934819	False
0.0	False
0.168811129133	False
0.374549318524	False
-0.0144115458304	False
0.211976902558	False
-0.11748661463	False
0.781717321517	False
0.104569940555	False
0.0107536312007	False
0.179746239773	False
0.0466494442757	False
0.0446608402256	False
0.178407767422	False
0.509492928253	False
0.253341483516	False
0.213268304145	False
0.0	False
0.311125177809	False
0.293594657094	False
0.157256386233	False
0.329413825549	False
-0.0160937152551	False
0.474500186948	False
0.34068193717	True
0.0663731259811	False
-0.00470804409238	False
0.109749824848	True
0.470629615971	True
0.280248610488	False
0.536180167885	False
0.0568357574201	False
0.00853270477688	False
0.0185231411644	False
0.0753737855902	False
0.381372131706	False
0.290962777909	False
0.162797069946	False
0.381811945994	False
0.113116306156	False
0.187638581194	False
0.503319338656	False
0.115564547352	False
0.1369634121	False
0.0295427342856	False
0.332274860984	False
0.480428396043	True
0.459687751826	True
0.450048468496	False
0.330714230174	False
0.0640840789032	True
0.0667841147705	False
0.18195111815	False
0.524615699632	False
0.337296127548	True
0.389414052502	False
-0.0510163075646	False
0.146142735933	False
0.159140099259	True
0.0510613102747	False
0.340664222192	True
-0.0295134343914	False
0.181578964938	True
0.778273437648	False
0.218498617991	False
0.0632581295531	False
0.0394147077038	False
0.250845711099	False
0.0585102075739	True
0.0602359691055	False
0.090684825616	False
0.239134470562	False
0.151130424443	False
0.0502207208674	False
0.0731967535395	False
0.120022587448	True
0.0856780804221	False
0.245177882516	False
0.066465161915	False
0.00883887764381	False
0.404416945785	False
0.169711757638	False
-0.00653413223631	False
0.262369740949	False
0.131708178955	False
0.694510853729	False
0.42266325982	False
-0.0552604816304	False
0.14248626236	False
0.0886080753224	False
-0.00135728718184	True
-0.012292564043	False
-0.0186325222951	False
0.310839219134	False
0.239496533643	False
0.0381238180082	False
0.199682780685	True
0.0336383761966	False
-0.0178601725984	False
0.170794523928	False
0.0440212358528	False
0.20730188251	True
0.178162248632	False
0.0699278633596	False
0.448360657387	False
0.634321862353	False
0.0846134658424	False
0.0816648881462	False
0.0790458872316	False
0.0	False
0.472806379453	False
0.435686098286	False
0.171000487529	False
0.00387452263334	False
0.244625053183	False
0.472910044534	False
0.141676599548	False
0.105079523399	False
0.209656930734	False
0.149803747835	False
0.198021731724	False
0.21167247749	False
0.0213251202956	False
0.349814918995	False
0.159635006048	False
0.143308578595	False
0.406351903306	True
0.172020634495	False
0.291302462623	False
0.134097967069	False
0.25714889204	False
0.101597095867	False
0.0416406074463	False
0.153708936876	False
0.283336707311	True
0.0433970106039	False
0.0903479916807	False
0.348012444483	False
0.090365316433	False
0.140369280851	False
-0.00923232543313	False
0.27911989833	False
0.0628383407831	False
0.413879624284	False
0.12628819847	True
0.120818299278	False
-0.050154606733	False
-0.0237353438281	False
0.111713570289	False
0.119243705246	True
0.0527926412715	False
0.171925793755	False
0.447646084282	False
0.281083550479	False
0.113417113432	True
0.238969222767	False
0.116798974804	False
0.139539249175	False
0.122185712229	False
0.0	False
0.0845617300771	False
0.469718214925	False
0.270469379913	True
0.231033258552	False
0.401038221766	False
0.142060655274	False
0.163308360959	False
0.0341390173292	False
0.239363302804	True
0.370505939516	False
0.0665218974606	False
0.575232349501	False
0.644244039976	True
0.073182718565	False
0.0	False
0.347107140983	True
0.0756553103892	False
0.0895171307543	True
0.0	False
0.24833981572	False
-0.0193815651441	False
0.45514033401	False
0.29713325453	False
0.0703678914586	False
0.366091254658	False
0.584335734353	False
0.367804955245	False
0.0861507843116	False
0.0889256025713	False
0.0658087883702	False
0.0537762851827	False
0.0452056771551	False
0.55631804485	False
0.00831105031403	False
0.162933496224	False
0.516304230619	False
0.677103911878	True
0.0789981678773	False
0.0476728535058	False
-0.0544124202397	False
0.193896659429	False
0.0335303710697	False
0.0721024681837	False
0.109552320679	False
0.0795229145937	False
0.231597348938	True
0.428242275562	True
0.287749594376	True
0.109754649193	False
0.0152315503463	False
0.495573320227	False
0.164946163819	False
0.0495441848611	False
0.055954386073	False
0.0934177723843	False
0.612809485271	False
0.188270936639	False
0.060329603968	False
-0.0231855004302	False
0.604743744432	False
-0.0646884722869	False
0.444783698437	False
0.141925164909	False
0.312146502342	False
0.519321802029	False
0.0638893167831	False
0.00685578708592	False
0.36208203857	False
0.0704436472187	False
0.143651833955	False
0.118314943867	False
0.178693512012	True
0.671985552654	False
0.128507531441	False
0.578985274928	False
0.204321735431	False
0.0336254000618	False
0.313417291815	False
0.0352278863448	False
0.223558804996	False
0.578994898618	False
0.233046614797	False
0.121498678959	False
0.419655992007	False
-0.0302704686463	False
0.153205197523	False
0.111240761003	False
0.221725188188	False
0.0688037572429	False
0.0479942892438	False
0.224060667971	True
0.464851631193	True
0.0975401791518	True
0.0076745702138	False
0.265344875342	True
0.135062671779	False
0.187444229185	False
0.138163721716	False
-0.0142183177617	False
0.0	False
0.0977707427587	False
0.0170426999031	False
-0.0368188197592	False
0.0408100623854	False
0.447969397385	False
0.0798503924101	False
0.083643537215	False
0.310695739009	False
0.21732885086	False
0.255231771483	False
0.357574164053	False
0.421892933932	True
0.0966684777653	False
-0.0849193538486	False
0.03641243685	False
0.0562269850937	False
0.0728009016739	False
0.32134847318	False
0.40052375234	False
0.187758697005	False
0.0308529139412	False
0.140906468666	False
0.15296422249	False
-0.00735565002605	False
0.0294997749155	False
0.170653177695	False
-0.0221795070103	False
0.139793672395	False
0.162335208146	False
0.0657364293443	False
0.386295281471	False
0.0465081516996	False
0.0292871977005	False
0.150134429251	False
0.306135116072	False
0.649761999981	False
0.141215735609	False
0.274538597259	False
0.0832422115012	True
0.242158173256	False
0.532396896878	False
0.388264522471	False
0.0706912060719	False
0.156515007056	False
0.347441844926	False
0.51473084242	False
0.532951841292	False
0.160088334786	False
0.25391437071	False
0.14560984966	False
0.399773089772	False
0.0663576957576	False
0.109841749089	False
0.155267773015	False
0.0793001820725	False
0.0253973439472	False
0.355047803156	False
0.0290113205796	False
-0.0171482858061	False
0.0182642949144	False
0.24611293555	False
0.0725480666515	False
0.174670563302	False
0.267145021348	False
0.504008707874	False
-0.0438938867477	False
0.0966359634265	False
0.140761250355	False
0.444626238636	False
0.0949881534309	False
0.190671961549	False
0.246328792797	False
0.0208971346479	False
0.291456157572	False
0.134796986533	False
0.0516485038025	False
0.214164436915	False
0.536711805947	True
0.107539057838	False
0.302932510005	False
0.0808189922904	False
0.0198078162923	False
0.0059541117045	False
0.409037662175	False
0.0198452506364	False
0.028245042882	False
0.0370509372146	False
0.0212013753711	False
0.450843992633	False
0.383141209123	False
0.178067285914	False
-0.00401775618159	False
0.443304311217	False
0.239527105975	False
0.0246204828794	False
0.139286115548	False
0.363994594749	False
-0.015880673555	False
0.0285620669918	False
0.129135414707	False
0.444584276118	False
0.0709108971202	False
0.0	True
0.0827155782905	False
-0.00323981445003	False
0.243275774608	False
0.0833421506883	False
0.100255822779	False
0.0705434255363	False
-0.00205873371515	False
0.466912415691	False
0.642529070671	True
0.264324465215	False
0.435479961648	True
-0.0283515979024	False
-0.0675618520229	False
-0.00429383479117	False
0.184710368185	False
0.033386526339	False
0.0519104698074	False
0.209185518254	False
0.0428361675537	False
0.745391560029	True
0.088936367704	False
0.448604226964	False
0.216955746336	False
0.0	False
0.495573320227	False
0.0413207743825	False
0.0978675772362	False
0.46283398039	False
0.0632905906893	False
0.147795409011	False
0.333685796455	False
0.453916156659	False
0.050311161599	False
0.0599206520788	False
-0.00109212352297	False
0.0281350315191	False
-0.00786551850461	False
0.192530917478	True
0.229736804397	False
0.0951882319421	False
-0.0259929987391	False
0.0427086957891	False
0.0634680614191	False
0.162473387865	False
0.156102286752	False
0.0837864300167	False
0.550633311417	False
0.280318057848	False
0.31487434929	False
0.244769142591	False
0.0711238797342	False
0.102065365455	False
0.43794720694	False
0.0800136071435	False
0.2659295242	False
0.0191617319703	False
0.234954896518	False
0.149939179195	False
0.329290955813	False
0.180717006196	True
-0.105249905444	False
0.189851603111	False
0.154317920242	False
0.218910166734	True
0.275325161739	False
0.00668832896832	False
0.000355545285996	False
0.510307786856	False
0.127816971454	True
0.239848270368	False
0.0476451690832	False
0.0908627918731	False
0.0	False
0.047085976459	False
0.565302193916	False
0.120893126151	False
0.151242831437	False
0.145908349966	False
0.368340813908	True
0.338324855097	False
0.342354906742	False
0.0486310065629	False
0.222907913096	False
0.021966031864	True
0.467446186096	False
0.123113544501	False
0.330714230174	False
0.253856009588	True
0.367329762902	True
0.0223096498556	False
0.251150775135	True
0.11312150234	False
0.340256105123	False
0.0736199430221	False
0.572173098508	True
0.227464458761	True
0.0578797497619	False
0.0336071001384	False
0.0687549822027	False
0.334839680491	False
0.499792053563	False
0.100319733371	False
-0.00821903598884	False
0.411505027891	False
0.484183267188	False
0.168455670247	False
0.427218303446	True
0.109420025102	False
0.155903298202	True
0.0	False
-0.00803194388341	False
-0.00550354203757	False
0.23880429619	False
0.238969222767	False
0.110979307533	False
0.0624156840724	False
0.383209084897	False
0.279864872209	True
0.0757263457693	False
0.0189896860968	False
0.158868871823	False
0.0725336300168	False
0.15070654546	False
0.0952644528702	False
0.0	False
0.174501060591	False
0.0860331100564	False
0.00843201583173	False
0.038882317882	False
0.0	False
0.444720878281	False
0.210857684792	False
0.0	True
-0.0572555754838	False
0.694168517967	False
0.0	False
0.114084788146	False
0.0217322011459	False
0.00109719217695	False
0.037257234897	False
0.0228864826429	False
0.456162788374	False
0.207269373023	False
0.077668376803	False
0.409118320561	False
0.155702735452	False
0.0580865482778	False
0.269422993291	True
0.130880052841	True
0.136164806	False
0.0115372653043	False
0.0870708507945	False
0.0382004597061	False
0.35358440536	False
0.381787644561	True
0.298820122865	False
0.246092802477	False
0.0559844168655	False
0.121988847359	True
0.119103114177	False
0.535433110963	True
0.0	False
0.0405514469417	False
0.133652455658	False
0.249126411711	False
0.199670236315	False
0.142739295565	False
-0.00505904110216	False
0.119054396265	False
0.113269626641	False
0.165888657098	False
0.106967671433	False
0.101662517997	False
0.0571043443285	False
0.0415637282642	False
0.162938784427	False
0.0379141155322	False
0.592116877301	False
0.0	False
0.138321246707	False
0.457876120323	False
0.648408863543	False
0.444816739899	False
0.00912699762869	False
0.218215892807	True
-0.00881519631424	False
-0.0920725263682	False
0.106025423122	False
0.0931600770711	False
0.499505932252	False
0.55631804485	False
0.219608636154	False
0.0431627323031	False
0.125681261932	False
0.0489074638286	False
0.358262037406	False
0.221104351519	True
0.16515415404	True
0.399905695512	False
0.0651852946357	False
0.323029321505	False
0.0442690500274	False
0.119748341642	False
0.0274052732663	False
0.112402729842	False
0.656970220276	True
0.267798072731	False
0.0262465857841	False
0.152373404105	False
0.013399351133	False
0.0706113062287	False
0.135566242699	True
0.080909490395	False
0.332184139788	False
0.228161651521	False
0.675955332814	False
0.033243722601	False
0.374447461748	False
-0.0164741571967	False
0.112471850346	False
0.108783763889	False
0.15517164814	False
0.0	False
0.378188300467	True
0.170327002852	False
0.340571718302	False
0.0188825254088	False
0.147216223198	True
0.121202393207	False
0.0	False
0.269252482938	False
0.162530758465	False
0.189530485621	False
0.422127404845	False
0.468968038628	False
0.56743732495	False
0.0493228264658	False
0.415850408486	False
0.0	False
0.552335584744	False
0.133802407621	False
0.137454959844	False
0.157024192734	True
0.165310412486	False
0.0482800653948	False
0.1891066922	True
0.402343845534	False
-0.00419789949884	False
0.198528483234	False
0.26683673717	False
0.0272981344005	False
0.103235298681	False
0.0012245773462	False
0.0426139604642	False
0.0297080206942	False
0.435970936822	False
0.303809483518	False
0.0391914948037	False
-0.0445505343848	False
0.110203122052	False
0.0462087153685	False
0.379319763721	False
0.313573213071	False
0.198171002084	False
0.0748888409833	False
0.276717124327	False
0.200048830654	False
0.760945708978	False
0.122312188909	False
0.39134782781	True
0.316471606137	False
0.169065054973	False
0.220798814493	False
0.0	False
0.0337827835537	False
0.118785406327	False
-0.0557133104691	False
0.295258357622	False
0.605503318419	False
0.661914370467	False
0.136352036621	False
0.102114787504	False
0.397568865836	False
0.395203253518	False
0.179810287217	False
0.056048779195	False
0.0562614764871	False
0.545411780873	False
0.631428930954	False
0.0919739337687	False
0.700001115954	False
0.034220162782	False
0.642918368309	False
0.150017088997	False
0.0834432703579	False
0.293491573545	False
0.0841336360911	False
0.229507981684	False
0.209270422339	False
0.0444350038895	False
0.281083550479	False
0.222186936893	False
0.336145821088	False
0.0726953261017	False
0.145414953314	False
0.108515634101	True
0.279355596366	False
0.0315680326599	False
0.449987604836	False
0.00934247187762	False
0.288462027893	False
0.0156018712744	False
0.572777758971	False
0.192075775813	True
0.538459943586	False
0.139260976527	False
0.15057927684	False
0.0	False
0.517006655157	False
0.250334287478	False
0.127481403896	False
0.044977678343	False
0.0412977610516	False
0.0	False
0.184022866374	False
0.179769512324	False
0.157055569307	False
0.500516668823	True
0.105505709814	False
0.0197481935738	True
0.157261560128	False
-0.000400786783422	False
0.0	False
0.164627765441	False
0.160858231006	True
0.0893221188424	False
0.313409238272	False
0.465770790985	False
0.24787227408	False
0.142593663089	False
0.417131358814	False
0.200990449775	True
0.293594657094	False
0.45915519183	False
0.256687360867	False
0.106782037409	False
0.45915519183	False
0.0639722139718	False
0.111714307157	False
0.345617090326	False
0.0392467137564	False
0.311125177809	False
0.511621805228	False
0.0665598269453	False
0.11489059409	False
0.238599891142	True
0.0	False
0.256702926834	False
0.0549252948259	False
0.416071962573	False
0.0234636425419	False
0.254998290845	True
0.200979743733	False
0.495992941472	False
-0.024379218712	False
0.151730973075	False
0.114887074936	False
0.629099750726	False
0.182804940583	False
0.0375270256431	False
0.00887855305338	False
0.113190384506	False
0.0093018898906	False
0.00257370378168	False
0.0862373962524	False
0.0459177110008	False
0.140769883504	False
0.242270774972	False
0.681094920246	False
0.362817614157	False
0.0816721963794	False
0.0326076895141	False
0.130983141399	False
0.0892997636817	False
0.61011166307	True
-0.00717300069608	False
0.711498096818	False
0.697592921529	False
0.0670086885835	False
0.190167458907	False
-0.0190019109255	False
0.509492928253	False
0.166438759023	False
0.0967130897412	False
0.370555261074	False
0.0168033898158	False
0.30151721393	True
0.0431997758751	False
0.3531798822	True
0.122568264051	True
0.178739029226	True
0.148740837113	False
-0.0282347218734	False
0.0149498154451	False
0.102898250047	False
0.417131358814	False
0.0	False
0.173034327614	False
0.268473633518	False
0.0211584191122	False
0.230825820903	False
-0.00218893439445	False
0.662133449439	False
0.302230951174	False
0.486319807859	True
0.00426126232988	False
0.638322655091	False
0.659015558756	False
0.199214525027	False
-0.0207208815032	False
0.055440635652	False
0.206260334314	False
0.410114769843	False
0.447455603162	False
0.0607873672628	False
0.823324512781	False
0.148487440748	False
0.057956863438	False
0.307563845596	False
0.102861060145	False
0.254636306698	False
0.4491578759	False
0.0898196171389	False
0.372550445746	False
0.274363764153	False
0.44458891008	False
-0.0073200905274	False
0.366991587228	False
0.140233872258	False
0.0347143213905	False
0.200979743733	False
0.044073874592	False
0.459548270074	False
0.037949487382	False
0.401038221766	False
0.0	False
0.00180655603704	False
0.0762105817051	False
0.0429058463117	False
0.100236099384	True
0.419683257907	True
0.156453298597	False
0.248443268431	True
0.265836374825	False
0.237825555974	False
0.037364848017	False
0.349532972459	False
0.274815455392	True
0.117862401747	False
0.152973861164	False
0.115751915691	False
0.236308119674	True
0.0	False
0.0989422637531	False
0.476536711827	True
0.0843899821597	False
-0.0209096784413	False
0.567066329916	True
0.519265524658	False
-0.0266598072893	False
0.472697688112	True
0.305888612235	False
